{
  "_generated": "Generated by SweetTooth, do not edit",
  "description": "Makes the window semi-transparent when moving or resizing",
  "extension-id": "transparent-window-moving",
  "gettext-domain": "gnome-shell-extensions",
  "name": "Transparent Window Moving",
  "settings-schema": "org.gnome.shell.extensions.transparent-window-moving",
  "shell-version": [
    "40",
    "41",
    "42",
    "43",
    "44"
  ],
  "url": "https://github.com/Noobsai/transparent-window-moving",
  "uuid": "transparent-window-moving@noobsai.github.com",
  "version": 13
}