{
  "_generated": "Generated by SweetTooth, do not edit",
  "description": "Hides the Activities button from the status bar (the hot corner and keyboard shortcut keeps working). To disable top left hot corner use 'No Topleft Hot Corner' extension \u2014 https://extensions.gnome.org/extension/118/no-topleft-hot-corner/ .",
  "name": "Hide Activities Button",
  "shell-version": [
    "3.20",
    "3.22",
    "3.24",
    "3.26",
    "3.28",
    "3.30",
    "3.34",
    "3.32",
    "3.36",
    "3.38",
    "40",
    "41",
    "42",
    "43",
    "44"
  ],
  "url": "",
  "uuid": "Hide_Activities@shay.shayel.org",
  "version": 15
}