{
  "_generated": "Generated by SweetTooth, do not edit",
  "description": "Kitsch is a collection of cheap, popular, and marketable improvements to Gnome. One could consider it applying a cosmetic surgery to Gnome.\n\nKitsch can easily be configured and offers the following features:\n- remove application menu from the top bar\n- remove the activity button from the top bar\n- periodically change the background picture\n\nThis extension does not come with any button on the panel. Visit the website for a documentation.",
  "name": "Kitsch",
  "settings-schema": "org.gnome.shell.extensions.kitsch",
  "shell-version": [
    "40",
    "41",
    "42"
  ],
  "url": "https://github.com/ente76/kitsch/",
  "uuid": "kitsch@fopdoodle.net",
  "version": 6
}