{
  "_generated": "Generated by SweetTooth, do not edit",
  "description": "This extension adds a refresh button to the Wi-Fi connection selection dialog to manually request for a network scan.\n\nNOTE: In GNOME Shell 3.32 and above, the available network list is automatically updated every 15 seconds, so most people probably don't need this extension anymore.",
  "name": "Refresh Wifi Connections",
  "original-author": "GopI",
  "shell-version": [
    "3.38",
    "40",
    "41",
    "42"
  ],
  "url": "https://github.com/kgshank/gse-refresh-wifi",
  "uuid": "refresh-wifi@kgshank.net",
  "version": 16
}