{
  "_generated": "Generated by SweetTooth, do not edit",
  "description": "... or maybe not, and that's why the start day is configurable in the preferences.\n\nThis is an updated version of the \"Weeks Start on Monday\" extension for newer Gnome Shells.",
  "gettext-domain": "weeks-start-on-monday",
  "name": "Weeks Start on Monday Again...",
  "settings-schema": "org.gnome.shell.extensions.weeks-start-on-monday",
  "shell-version": [
    "3.34",
    "3.32",
    "3.33.90",
    "3.36",
    "3.35.92",
    "3.38",
    "40",
    "41",
    "42",
    "43"
  ],
  "url": "https://github.com/F-i-f/weeks-start-on-monday",
  "uuid": "weeks-start-on-monday@extensions.gnome-shell.fifi.org",
  "vcs_revision": "v13-0-gb460b5f",
  "version": 13
}